age_group,auto_loan_balance,auto_loan_balance,auto_loan_balance
,sum,mean,median
18-24,37789908,25637.658073270013,5174.5
25-34,68806512,27046.584905660377,8002.0
35-44,53709516,25649.243553008597,0.0
45-54,47136430,27678.467410452144,9758.0
55+,56095771,25673.121739130434,0.0
