age_group,avg_monthly_balance
18-24,5285.348710990502
25-34,5193.362028301887
35-44,5280.353868194842
45-54,5247.498532002349
55+,5277.04118993135
